{
  "caves": {
    "caveCarverProbability": 0.060718216,
    "cheeseCaveDepthOffset": 1.5625,
    "cheeseCaveProbability": 0.0,
    "deepCaveCarverProbability": 0.07174685,
    "entranceCaveProbability": 0.11310421,
    "largeOreVeins": true,
    "legacyCarverDistribution": false,
    "noodleCaveProbability": 0.4384488,
    "ravineCarverProbability": 0.074504,
    "spaghettiCaveProbability": 0.42604157
  },
  "climate": {
    "biomeEdgeShape": {
      "type": "SIMPLEX",
      "gain": 0.5,
      "lacunarity": 2.65,
      "octaves": 2,
      "scale": 24,
      "strength": 14
    },
    "biomeShape": {
      "biomeSize": 225,
      "biomeWarpScale": 150,
      "biomeWarpStrength": 80,
      "macroNoiseSize": 8
    },
    "moisture": {
      "bias": 0.0,
      "falloff": 1,
      "max": 1.0,
      "min": 0.16652098,
      "scale": 8,
      "seedOffset": 0
    },
    "temperature": {
      "bias": 0.10309278,
      "falloff": 5,
      "max": 1.0,
      "min": 0.0,
      "scale": 12,
      "seedOffset": 0
    }
  },
  "filters": {
    "erosion": {
      "depositeRate": 0.5,
      "dropletLifetime": 12,
      "dropletVelocity": 0.7,
      "dropletVolume": 0.7,
      "dropletsPerChunk": 135,
      "erosionRate": 0.5
    },
    "smoothing": {
      "iterations": 1,
      "smoothingRadius": 1.8,
      "smoothingRate": 0.9
    }
  },
  "miscellaneous": {
    "customBiomeFeatures": false,
    "erosionDecorator": false,
    "mountainBiomeUsage": 0.4,
    "naturalSnowDecorator": true,
    "oreCompatibleStoneOnly": true,
    "plainStoneErosion": false,
    "smoothLayerDecorator": true,
    "strataDecorator": true,
    "strataRegionSize": 600,
    "vanillaLavaLakes": true,
    "vanillaLavaSprings": true,
    "vanillaSprings": true,
    "volcanoBiomeUsage": 0.4
  },
  "rivers": {
    "branchRivers": {
      "bankWidth": 14,
      "bedDepth": 4,
      "bedWidth": 5,
      "fade": 0.975,
      "maxBankHeight": 4,
      "minBankHeight": 1
    },
    "lakes": {
      "chance": 0.3,
      "depth": 10,
      "maxBankHeight": 10,
      "maxStartDistance": 0.03,
      "minBankHeight": 2,
      "minStartDistance": 0.0,
      "sizeMax": 150,
      "sizeMin": 75
    },
    "mainRivers": {
      "bankWidth": 20,
      "bedDepth": 5,
      "bedWidth": 8,
      "fade": 0.75,
      "maxBankHeight": 6,
      "minBankHeight": 2
    },
    "riverCount": 8,
    "seedOffset": 0,
    "wetlands": {
      "chance": 0.6,
      "sizeMax": 225,
      "sizeMin": 175
    }
  },
  "structures": {
    "structures": {
      "ancientstructures:german_buildings": {
        "disabled": false,
        "salt": 19018280,
        "separation": 8,
        "spacing": 34
      },
      "ancientstructures:japanese_buildings": {
        "disabled": false,
        "salt": 19511220,
        "separation": 8,
        "spacing": 34
      },
      "ancientstructures:mayan_buildings": {
        "disabled": false,
        "salt": 17011220,
        "separation": 8,
        "spacing": 34
      },
      "ancientstructures:roman_buildings": {
        "disabled": false,
        "salt": 19040220,
        "separation": 8,
        "spacing": 34
      },
      "antiquetradingship:antique_trading_ship": {
        "disabled": false,
        "salt": 1304155118,
        "separation": 35,
        "spacing": 50
      },
      "betterdeserttemples:desert_temples": {
        "disabled": false,
        "salt": 92746251,
        "separation": 20,
        "spacing": 30
      },
      "betterdungeons:skeleton_dungeons": {
        "disabled": false,
        "salt": 732581671,
        "separation": 23,
        "spacing": 46
      },
      "betterdungeons:small_dungeons": {
        "disabled": false,
        "salt": 34239823,
        "separation": 6,
        "spacing": 10
      },
      "betterdungeons:spider_dungeons": {
        "disabled": false,
        "salt": 596523129,
        "separation": 22,
        "spacing": 44
      },
      "betterdungeons:zombie_dungeons": {
        "disabled": false,
        "salt": 280667671,
        "separation": 24,
        "spacing": 48
      },
      "betterjungletemples:jungle_temples": {
        "disabled": false,
        "salt": 996971851,
        "separation": 8,
        "spacing": 24
      },
      "bettermineshafts:mineshafts": {
        "disabled": false,
        "salt": 593751784,
        "separation": 0,
        "spacing": 1
      },
      "betteroceanmonuments:ocean_monument": {
        "disabled": false,
        "salt": 784827271,
        "separation": 20,
        "spacing": 50
      },
      "betterstrongholds:stronghold": {
        "disabled": false,
        "salt": 596441294,
        "separation": 50,
        "spacing": 85
      },
      "betterwitchhuts:witch_circle": {
        "disabled": false,
        "salt": 19797254,
        "separation": 10,
        "spacing": 40
      },
      "betterwitchhuts:witch_hut": {
        "disabled": false,
        "salt": 79297177,
        "separation": 8,
        "spacing": 30
      },
      "dungeons_arise:major_structures": {
        "disabled": false,
        "salt": 88371663,
        "separation": 50,
        "spacing": 60
      },
      "dungeons_arise:minor_structures": {
        "disabled": false,
        "salt": 342415935,
        "separation": 25,
        "spacing": 35
      },
      "dungeons_arise_seven_seas:minor_structures": {
        "disabled": false,
        "salt": 98123789,
        "separation": 60,
        "spacing": 68
      },
      "iceandfire:cyclops_cave": {
        "disabled": false,
        "salt": 7407930,
        "separation": 6,
        "spacing": 10
      },
      "iceandfire:fire_dragon_cave": {
        "disabled": false,
        "salt": 7824162,
        "separation": 14,
        "spacing": 20
      },
      "iceandfire:fire_dragon_roost": {
        "disabled": false,
        "salt": 3747893,
        "separation": 12,
        "spacing": 18
      },
      "iceandfire:gorgon_temple": {
        "disabled": false,
        "salt": 76489509,
        "separation": 12,
        "spacing": 32
      },
      "iceandfire:graveyard": {
        "disabled": false,
        "salt": 44712661,
        "separation": 14,
        "spacing": 28
      },
      "iceandfire:hydra_cave": {
        "disabled": false,
        "salt": 8903243,
        "separation": 6,
        "spacing": 10
      },
      "iceandfire:ice_dragon_cave": {
        "disabled": false,
        "salt": 14032493,
        "separation": 14,
        "spacing": 20
      },
      "iceandfire:ice_dragon_roost": {
        "disabled": false,
        "salt": 1897443,
        "separation": 12,
        "spacing": 18
      },
      "iceandfire:lightning_dragon_cave": {
        "disabled": false,
        "salt": 8901237,
        "separation": 14,
        "spacing": 20
      },
      "iceandfire:lightning_dragon_roost": {
        "disabled": false,
        "salt": 9031232,
        "separation": 12,
        "spacing": 18
      },
      "iceandfire:mausoleum": {
        "disabled": false,
        "salt": 14200531,
        "separation": 12,
        "spacing": 32
      },
      "iceandfire:myrmex_hive_desert": {
        "disabled": false,
        "salt": 14200531,
        "separation": 12,
        "spacing": 24
      },
      "iceandfire:myrmex_hive_jungle": {
        "disabled": false,
        "salt": 12873732,
        "separation": 12,
        "spacing": 24
      },
      "iceandfire:pixie_village": {
        "disabled": false,
        "salt": 7407930,
        "separation": 8,
        "spacing": 12
      },
      "iceandfire:siren_island": {
        "disabled": false,
        "salt": 9810327,
        "separation": 14,
        "spacing": 20
      },
      "idas:idas_common": {
        "disabled": false,
        "salt": 169480670,
        "separation": 15,
        "spacing": 25
      },
      "idas:idas_ocean": {
        "disabled": false,
        "salt": 169480681,
        "separation": 29,
        "spacing": 35
      },
      "idas:idas_rare": {
        "disabled": false,
        "salt": 169480678,
        "separation": 20,
        "spacing": 45
      },
      "idas:idas_small": {
        "disabled": false,
        "salt": 169480673,
        "separation": 18,
        "spacing": 22
      },
      "idas:idas_underground": {
        "disabled": false,
        "salt": 18918169,
        "separation": 15,
        "spacing": 25
      },
      "idas:idas_underground_rare": {
        "disabled": false,
        "salt": 169481691,
        "separation": 40,
        "spacing": 60
      },
      "integrated_stronghold:stronghold": {
        "disabled": false,
        "salt": 68173563,
        "separation": 50,
        "spacing": 85
      },
      "integrated_villages:air_villages": {
        "disabled": false,
        "salt": 1982700828,
        "separation": 90,
        "spacing": 115
      },
      "integrated_villages:regular_villages": {
        "disabled": false,
        "salt": 1982700828,
        "separation": 19,
        "spacing": 26
      },
      "minecraft:ancient_cities": {
        "disabled": false,
        "salt": 20083232,
        "separation": 8,
        "spacing": 24
      },
      "minecraft:buried_treasures": {
        "disabled": false,
        "salt": 0,
        "separation": 0,
        "spacing": 1
      },
      "minecraft:desert_pyramids": {
        "disabled": false,
        "salt": 14357617,
        "separation": 8,
        "spacing": 32
      },
      "minecraft:igloos": {
        "disabled": false,
        "salt": 14357618,
        "separation": 8,
        "spacing": 32
      },
      "minecraft:jungle_temples": {
        "disabled": false,
        "salt": 14357619,
        "separation": 8,
        "spacing": 32
      },
      "minecraft:mineshafts": {
        "disabled": false,
        "salt": 0,
        "separation": 0,
        "spacing": 1
      },
      "minecraft:ocean_monuments": {
        "disabled": false,
        "salt": 10387313,
        "separation": 5,
        "spacing": 32
      },
      "minecraft:ocean_ruins": {
        "disabled": false,
        "salt": 14357621,
        "separation": 8,
        "spacing": 20
      },
      "minecraft:pillager_outposts": {
        "disabled": false,
        "salt": 165745296,
        "separation": 8,
        "spacing": 32
      },
      "minecraft:ruined_portals": {
        "disabled": false,
        "salt": 34222645,
        "separation": 15,
        "spacing": 40
      },
      "minecraft:shipwrecks": {
        "disabled": false,
        "salt": 165745295,
        "separation": 4,
        "spacing": 24
      },
      "minecraft:swamp_huts": {
        "disabled": false,
        "salt": 14357620,
        "separation": 8,
        "spacing": 32
      },
      "minecraft:trail_ruins": {
        "disabled": false,
        "salt": 83469867,
        "separation": 8,
        "spacing": 34
      },
      "minecraft:villages": {
        "disabled": false,
        "salt": 10387312,
        "separation": 8,
        "spacing": 34
      },
      "minecraft:woodland_mansions": {
        "disabled": false,
        "salt": 10387319,
        "separation": 20,
        "spacing": 80
      },
      "nova_structures:badlands_miner_outpost": {
        "disabled": false,
        "salt": 783,
        "separation": 12,
        "spacing": 90
      },
      "nova_structures:bunker": {
        "disabled": false,
        "salt": 679854,
        "separation": 10,
        "spacing": 50
      },
      "nova_structures:conduit_ruin": {
        "disabled": false,
        "salt": 394,
        "separation": 90,
        "spacing": 140
      },
      "nova_structures:creeping_crypt": {
        "disabled": false,
        "salt": 7498398,
        "separation": 10,
        "spacing": 100
      },
      "nova_structures:desert_ruins": {
        "disabled": false,
        "salt": 239021,
        "separation": 12,
        "spacing": 80
      },
      "nova_structures:firewatch_towers": {
        "disabled": false,
        "salt": 123,
        "separation": 15,
        "spacing": 50
      },
      "nova_structures:illager_camp": {
        "disabled": false,
        "salt": 4533232,
        "separation": 12,
        "spacing": 26
      },
      "nova_structures:illager_hideout": {
        "disabled": false,
        "salt": 3094032,
        "separation": 12,
        "spacing": 200
      },
      "nova_structures:jungle_ruins": {
        "disabled": false,
        "salt": 239021,
        "separation": 12,
        "spacing": 80
      },
      "nova_structures:mangrove_witch_hut": {
        "disabled": false,
        "salt": 594,
        "separation": 8,
        "spacing": 32
      },
      "nova_structures:ruin_town": {
        "disabled": false,
        "salt": 39043,
        "separation": 12,
        "spacing": 60
      },
      "nova_structures:stray_fort": {
        "disabled": false,
        "salt": 709971604,
        "separation": 16,
        "spacing": 100
      },
      "nova_structures:taverns": {
        "disabled": false,
        "salt": 783,
        "separation": 15,
        "spacing": 44
      },
      "nova_structures:undead_crypt": {
        "disabled": false,
        "salt": 96586859,
        "separation": 20,
        "spacing": 100
      },
      "nova_structures:underground_house": {
        "disabled": false,
        "salt": 23094,
        "separation": 10,
        "spacing": 20
      },
      "nova_structures:villages_jungle": {
        "disabled": false,
        "salt": 10387312,
        "separation": 8,
        "spacing": 34
      },
      "nova_structures:villages_swamp": {
        "disabled": false,
        "salt": 10387312,
        "separation": 8,
        "spacing": 34
      },
      "nova_structures:wells": {
        "disabled": false,
        "salt": 430930,
        "separation": 15,
        "spacing": 40
      },
      "nova_structures:wild_ruin": {
        "disabled": false,
        "salt": 75489234,
        "separation": 18,
        "spacing": 23
      },
      "nova_structures:witch_villa": {
        "disabled": false,
        "salt": 3042970,
        "separation": 20,
        "spacing": 80
      },
      "supplementaries:way_signs": {
        "disabled": false,
        "salt": 431041527,
        "separation": 10,
        "spacing": 19
      },
      "tconstruct:overworld_ocean_island": {
        "disabled": false,
        "salt": 25988585,
        "separation": 9,
        "spacing": 30
      },
      "tconstruct:overworld_sky_island": {
        "disabled": false,
        "salt": 14357800,
        "separation": 4,
        "spacing": 35
      },
      "towns_and_towers:other": {
        "disabled": false,
        "salt": 30084234,
        "separation": 16,
        "spacing": 32
      },
      "towns_and_towers:towers": {
        "disabled": false,
        "salt": 205745294,
        "separation": 24,
        "spacing": 48
      },
      "towns_and_towers:towns": {
        "disabled": false,
        "salt": 10587309,
        "separation": 24,
        "spacing": 48
      },
      "wetland_whimsy:wetland_ruins": {
        "disabled": false,
        "salt": 1918171615,
        "separation": 5,
        "spacing": 10
      }
    }
  },
  "surface": {
    "erosion": {
      "dirtMin": 39,
      "dirtSteepness": 0.6437937,
      "dirtVariance": 40,
      "rockMin": 352,
      "rockSteepness": 0.75524473,
      "rockVariance": 30,
      "screeSteepness": 0.4
    }
  },
  "terrain": {
    "badlands": {
      "baseScale": 1.0,
      "horizontalScale": 1.0,
      "verticalScale": 1.0,
      "weight": 1.0
    },
    "dales": {
      "baseScale": 1.0,
      "horizontalScale": 1.0,
      "verticalScale": 1.0,
      "weight": 1.5
    },
    "general": {
      "fancyMountains": false,
      "globalHorizontalScale": 4.8199487,
      "globalVerticalScale": 0.9808634,
      "terrainRegionSize": 1123,
      "terrainSeedOffset": 0
    },
    "hills": {
      "baseScale": 1.0,
      "horizontalScale": 1.0,
      "verticalScale": 1.0,
      "weight": 2.0
    },
    "mountains": {
      "baseScale": 2.0,
      "horizontalScale": 9.884021,
      "verticalScale": 3.0283506,
      "weight": 2.5
    },
    "plains": {
      "baseScale": 1.0,
      "horizontalScale": 1.0,
      "verticalScale": 1.0,
      "weight": 2.0
    },
    "plateau": {
      "baseScale": 1.0,
      "horizontalScale": 1.0,
      "verticalScale": 1.0,
      "weight": 0.9702797
    },
    "steppe": {
      "baseScale": 1.0,
      "horizontalScale": 1.0,
      "verticalScale": 1.0,
      "weight": 1.0
    },
    "torridonian": {
      "baseScale": 1.0,
      "horizontalScale": 10.0,
      "verticalScale": 10.0,
      "weight": 2.0
    },
    "volcano": {
      "baseScale": 1.0,
      "horizontalScale": 1.0,
      "verticalScale": 1.0,
      "weight": 0.0
    }
  },
  "world": {
    "continent": {
      "continentJitter": 0.7,
      "continentScale": 10000,
      "continentType": "MULTI_IMPROVED"
    },
    "controlPoints": {
      "beach": 0.327,
      "coast": 0.448,
      "deepOcean": 0.1,
      "inland": 0.502,
      "shallowOcean": 0.25
    },
    "properties": {
      "seaLevel": 63,
      "spawnType": "CONTINENT_CENTER",
      "worldHeight": 1024
    }
  }
}