{
  "caves": {
    "caveCarverProbability": 0.15335052,
    "cheeseCaveDepthOffset": 1.8189113,
    "cheeseCaveProbability": 1.0,
    "deepCaveCarverProbability": 0.07,
    "entranceCaveProbability": 0.12137568,
    "largeOreVeins": true,
    "legacyCarverDistribution": false,
    "noodleCaveProbability": 1.0,
    "ravineCarverProbability": 0.042796694,
    "spaghettiCaveProbability": 1.0
  },
  "climate": {
    "biomeEdgeShape": {
      "type": "SIMPLEX",
      "gain": 0.5,
      "lacunarity": 2.65,
      "octaves": 2,
      "scale": 24,
      "strength": 14
    },
    "biomeShape": {
      "biomeSize": 283,
      "biomeWarpScale": 125,
      "biomeWarpStrength": 73,
      "macroNoiseSize": 8
    },
    "moisture": {
      "bias": 0.0,
      "falloff": 1,
      "max": 1.0,
      "min": 0.0,
      "scale": 6,
      "seedOffset": 605236478
    },
    "temperature": {
      "bias": -0.004,
      "falloff": 1,
      "max": 1.0,
      "min": 0.0,
      "scale": 7,
      "seedOffset": 0
    }
  },
  "filters": {
    "erosion": {
      "depositeRate": 0.5804424,
      "dropletLifetime": 13,
      "dropletVelocity": 0.657,
      "dropletVolume": 0.7775792,
      "dropletsPerChunk": 189,
      "erosionRate": 0.71416456
    },
    "smoothing": {
      "iterations": 1,
      "smoothingRadius": 2.6196034,
      "smoothingRate": 0.67418575
    }
  },
  "miscellaneous": {
    "customBiomeFeatures": true,
    "erosionDecorator": true,
    "mountainBiomeUsage": 0.89475834,
    "naturalSnowDecorator": true,
    "oreCompatibleStoneOnly": true,
    "plainStoneErosion": false,
    "smoothLayerDecorator": true,
    "strataDecorator": true,
    "strataRegionSize": 684,
    "vanillaLavaLakes": true,
    "vanillaLavaSprings": false,
    "vanillaSprings": true,
    "volcanoBiomeUsage": 0.89613694
  },
  "rivers": {
    "branchRivers": {
      "bankWidth": 37,
      "bedDepth": 6,
      "bedWidth": 15,
      "fade": 0.5528708,
      "maxBankHeight": 5,
      "minBankHeight": 4
    },
    "lakes": {
      "chance": 0.4315559,
      "depth": 8,
      "maxBankHeight": 7,
      "maxStartDistance": 0.028,
      "minBankHeight": 2,
      "minStartDistance": 0.0,
      "sizeMax": 150,
      "sizeMin": 75
    },
    "mainRivers": {
      "bankWidth": 50,
      "bedDepth": 8,
      "bedWidth": 20,
      "fade": 0.5101349,
      "maxBankHeight": 7,
      "minBankHeight": 4
    },
    "riverCount": 20,
    "seedOffset": -1872385202,
    "wetlands": {
      "chance": 0.865,
      "sizeMax": 201,
      "sizeMin": 134
    }
  },
  "structures": {
    "structures": {
      "antiquetradingship:antique_trading_ship": {
        "disabled": false,
        "salt": 1304155118,
        "separation": 35,
        "spacing": 50
      },
      "betterdeserttemples:desert_temples": {
        "disabled": false,
        "salt": 92746251,
        "separation": 20,
        "spacing": 30
      },
      "betterdungeons:skeleton_dungeons": {
        "disabled": false,
        "salt": 732581671,
        "separation": 23,
        "spacing": 46
      },
      "betterdungeons:small_dungeons": {
        "disabled": false,
        "salt": 34239823,
        "separation": 6,
        "spacing": 10
      },
      "betterdungeons:spider_dungeons": {
        "disabled": false,
        "salt": 596523129,
        "separation": 22,
        "spacing": 44
      },
      "betterdungeons:zombie_dungeons": {
        "disabled": false,
        "salt": 280667671,
        "separation": 24,
        "spacing": 48
      },
      "betterjungletemples:jungle_temples": {
        "disabled": false,
        "salt": 996971851,
        "separation": 8,
        "spacing": 24
      },
      "bettermineshafts:mineshafts": {
        "disabled": false,
        "salt": 593751784,
        "separation": 0,
        "spacing": 1
      },
      "betteroceanmonuments:ocean_monument": {
        "disabled": false,
        "salt": 784827271,
        "separation": 20,
        "spacing": 50
      },
      "betterstrongholds:stronghold": {
        "disabled": false,
        "salt": 596441294,
        "separation": 50,
        "spacing": 85
      },
      "betterwitchhuts:witch_circle": {
        "disabled": false,
        "salt": 19797254,
        "separation": 10,
        "spacing": 40
      },
      "betterwitchhuts:witch_hut": {
        "disabled": false,
        "salt": 79297177,
        "separation": 8,
        "spacing": 30
      },
      "dungeons_arise:major_structures": {
        "disabled": false,
        "salt": 88371663,
        "separation": 50,
        "spacing": 60
      },
      "dungeons_arise:minor_structures": {
        "disabled": false,
        "salt": 342415935,
        "separation": 25,
        "spacing": 35
      },
      "dungeons_arise_seven_seas:minor_structures": {
        "disabled": false,
        "salt": 98123789,
        "separation": 60,
        "spacing": 68
      },
      "explorify:badlands_pyramids": {
        "disabled": false,
        "salt": 63294721,
        "separation": 12,
        "spacing": 32
      },
      "explorify:campsites": {
        "disabled": false,
        "salt": 51363271,
        "separation": 16,
        "spacing": 32
      },
      "explorify:dark_forest_settlements": {
        "disabled": false,
        "salt": 10128856,
        "separation": 16,
        "spacing": 32
      },
      "explorify:desert_shrines": {
        "disabled": false,
        "salt": 89294828,
        "separation": 8,
        "spacing": 24
      },
      "explorify:farmsteads": {
        "disabled": false,
        "salt": 70128199,
        "separation": 28,
        "spacing": 38
      },
      "explorify:guide_posts": {
        "disabled": false,
        "salt": 31205983,
        "separation": 10,
        "spacing": 32
      },
      "explorify:mangrove_huts": {
        "disabled": false,
        "salt": 2063493658,
        "separation": 12,
        "spacing": 28
      },
      "explorify:mausoleums": {
        "disabled": false,
        "salt": 535694654,
        "separation": 16,
        "spacing": 48
      },
      "explorify:ruins": {
        "disabled": false,
        "salt": 1428017473,
        "separation": 24,
        "spacing": 48
      },
      "explorify:supply_caches": {
        "disabled": false,
        "salt": 12413523,
        "separation": 20,
        "spacing": 32
      },
      "explorify:taverns": {
        "disabled": false,
        "salt": 15731481,
        "separation": 18,
        "spacing": 36
      },
      "explorify:watchtowers": {
        "disabled": false,
        "salt": 17906333,
        "separation": 24,
        "spacing": 48
      },
      "iceandfire:cyclops_cave": {
        "disabled": false,
        "salt": 7407930,
        "separation": 6,
        "spacing": 10
      },
      "iceandfire:fire_dragon_cave": {
        "disabled": false,
        "salt": 7824162,
        "separation": 14,
        "spacing": 20
      },
      "iceandfire:fire_dragon_roost": {
        "disabled": false,
        "salt": 3747893,
        "separation": 12,
        "spacing": 18
      },
      "iceandfire:gorgon_temple": {
        "disabled": false,
        "salt": 76489509,
        "separation": 12,
        "spacing": 32
      },
      "iceandfire:graveyard": {
        "disabled": false,
        "salt": 44712661,
        "separation": 14,
        "spacing": 28
      },
      "iceandfire:hydra_cave": {
        "disabled": false,
        "salt": 8903243,
        "separation": 6,
        "spacing": 10
      },
      "iceandfire:ice_dragon_cave": {
        "disabled": false,
        "salt": 14032493,
        "separation": 14,
        "spacing": 20
      },
      "iceandfire:ice_dragon_roost": {
        "disabled": false,
        "salt": 1897443,
        "separation": 12,
        "spacing": 18
      },
      "iceandfire:lightning_dragon_cave": {
        "disabled": false,
        "salt": 8901237,
        "separation": 14,
        "spacing": 20
      },
      "iceandfire:lightning_dragon_roost": {
        "disabled": false,
        "salt": 9031232,
        "separation": 12,
        "spacing": 18
      },
      "iceandfire:mausoleum": {
        "disabled": false,
        "salt": 14200531,
        "separation": 12,
        "spacing": 32
      },
      "iceandfire:myrmex_hive_desert": {
        "disabled": false,
        "salt": 14200531,
        "separation": 12,
        "spacing": 24
      },
      "iceandfire:myrmex_hive_jungle": {
        "disabled": false,
        "salt": 12873732,
        "separation": 12,
        "spacing": 24
      },
      "iceandfire:pixie_village": {
        "disabled": false,
        "salt": 7407930,
        "separation": 8,
        "spacing": 12
      },
      "iceandfire:siren_island": {
        "disabled": false,
        "salt": 9810327,
        "separation": 14,
        "spacing": 20
      },
      "idas:idas_common": {
        "disabled": false,
        "salt": 1108333968,
        "separation": 25,
        "spacing": 42
      },
      "idas:idas_ocean": {
        "disabled": false,
        "salt": 1964698663,
        "separation": 49,
        "spacing": 59
      },
      "idas:idas_rare": {
        "disabled": false,
        "salt": 767994471,
        "separation": 34,
        "spacing": 76
      },
      "idas:idas_small": {
        "disabled": false,
        "salt": 1960710174,
        "separation": 30,
        "spacing": 37
      },
      "idas:idas_underground": {
        "disabled": false,
        "salt": 1974590214,
        "separation": 25,
        "spacing": 42
      },
      "idas:idas_underground_rare": {
        "disabled": false,
        "salt": 722211641,
        "separation": 68,
        "spacing": 102
      },
      "integrated_stronghold:stronghold": {
        "disabled": false,
        "salt": 1340986382,
        "separation": 85,
        "spacing": 144
      },
      "integrated_villages:air_villages": {
        "disabled": false,
        "salt": 1380448765,
        "separation": 153,
        "spacing": 195
      },
      "integrated_villages:regular_villages": {
        "disabled": false,
        "salt": 40415119,
        "separation": 32,
        "spacing": 44
      },
      "minecraft:ancient_cities": {
        "disabled": false,
        "salt": 20083232,
        "separation": 8,
        "spacing": 24
      },
      "minecraft:buried_treasures": {
        "disabled": false,
        "salt": 0,
        "separation": 0,
        "spacing": 1
      },
      "minecraft:desert_pyramids": {
        "disabled": false,
        "salt": 14357617,
        "separation": 8,
        "spacing": 32
      },
      "minecraft:igloos": {
        "disabled": false,
        "salt": 14357618,
        "separation": 8,
        "spacing": 32
      },
      "minecraft:jungle_temples": {
        "disabled": false,
        "salt": 14357619,
        "separation": 8,
        "spacing": 32
      },
      "minecraft:mineshafts": {
        "disabled": false,
        "salt": 0,
        "separation": 0,
        "spacing": 1
      },
      "minecraft:ocean_monuments": {
        "disabled": false,
        "salt": 10387313,
        "separation": 5,
        "spacing": 32
      },
      "minecraft:ocean_ruins": {
        "disabled": false,
        "salt": 14357621,
        "separation": 8,
        "spacing": 20
      },
      "minecraft:pillager_outposts": {
        "disabled": false,
        "salt": 165745296,
        "separation": 8,
        "spacing": 32
      },
      "minecraft:ruined_portals": {
        "disabled": false,
        "salt": 34222645,
        "separation": 15,
        "spacing": 40
      },
      "minecraft:shipwrecks": {
        "disabled": false,
        "salt": 165745295,
        "separation": 4,
        "spacing": 24
      },
      "minecraft:swamp_huts": {
        "disabled": false,
        "salt": 14357620,
        "separation": 8,
        "spacing": 32
      },
      "minecraft:trail_ruins": {
        "disabled": false,
        "salt": 83469867,
        "separation": 8,
        "spacing": 34
      },
      "minecraft:villages": {
        "disabled": false,
        "salt": 10387312,
        "separation": 8,
        "spacing": 34
      },
      "minecraft:woodland_mansions": {
        "disabled": false,
        "salt": 10387319,
        "separation": 20,
        "spacing": 80
      },
      "supplementaries:way_signs": {
        "disabled": false,
        "salt": 987707833,
        "separation": 17,
        "spacing": 32
      },
      "tacz_npc:duty": {
        "disabled": false,
        "salt": 389564243,
        "separation": 12,
        "spacing": 16
      },
      "tconstruct:overworld_ocean_island": {
        "disabled": false,
        "salt": 988496718,
        "separation": 18,
        "spacing": 60
      },
      "tconstruct:overworld_sky_island": {
        "disabled": false,
        "salt": 1720891339,
        "separation": 8,
        "spacing": 70
      },
      "terralith:rare_dungeon": {
        "disabled": false,
        "salt": 1368854222,
        "separation": 18,
        "spacing": 36
      },
      "terralith:rare_village": {
        "disabled": false,
        "salt": 1798451114,
        "separation": 18,
        "spacing": 46
      },
      "terralith:regular": {
        "disabled": false,
        "salt": 2358902,
        "separation": 15,
        "spacing": 27
      },
      "terralith:rubble": {
        "disabled": false,
        "salt": 920145,
        "separation": 12,
        "spacing": 18
      },
      "terralith:underground": {
        "disabled": false,
        "salt": 838677219,
        "separation": 3,
        "spacing": 11
      },
      "towns_and_towers:other": {
        "disabled": false,
        "salt": 213742069,
        "separation": 16,
        "spacing": 32
      },
      "towns_and_towers:towers": {
        "disabled": false,
        "salt": 213742069,
        "separation": 12,
        "spacing": 48
      },
      "towns_and_towers:towns": {
        "disabled": false,
        "salt": 213742069,
        "separation": 12,
        "spacing": 51
      },
      "unwrecked_ships:ship": {
        "disabled": false,
        "salt": 37839181,
        "separation": 1,
        "spacing": 60
      },
      "wetland_whimsy:wetland_ruins": {
        "disabled": false,
        "salt": 1918171615,
        "separation": 5,
        "spacing": 10
      },
      "wythers:banyan_sparse_jungle": {
        "disabled": false,
        "salt": 10387312,
        "separation": 4,
        "spacing": 8
      },
      "wythers:baobab_savanna": {
        "disabled": false,
        "salt": 10387312,
        "separation": 8,
        "spacing": 16
      },
      "wythers:features": {
        "disabled": false,
        "salt": 10387312,
        "separation": 2,
        "spacing": 4
      },
      "wythers:villages": {
        "disabled": false,
        "salt": 10387312,
        "separation": 4,
        "spacing": 16
      },
      "zombie_extreme:build_1": {
        "disabled": false,
        "salt": 1693616117,
        "separation": 2,
        "spacing": 16
      },
      "zombie_extreme:caffe": {
        "disabled": false,
        "salt": 1015531354,
        "separation": 8,
        "spacing": 18
      },
      "zombie_extreme:gas_station_1": {
        "disabled": false,
        "salt": 1939418462,
        "separation": 10,
        "spacing": 32
      },
      "zombie_extreme:light_house": {
        "disabled": false,
        "salt": 1246365966,
        "separation": 16,
        "spacing": 32
      },
      "zombie_extreme:modern_house_1": {
        "disabled": false,
        "salt": 346288076,
        "separation": 9,
        "spacing": 28
      },
      "zombie_extreme:ruin_3": {
        "disabled": false,
        "salt": 208905223,
        "separation": 3,
        "spacing": 8
      },
      "zombie_extreme:ruin_4": {
        "disabled": false,
        "salt": 208712849,
        "separation": 3,
        "spacing": 12
      },
      "zombie_extreme:ruin_5": {
        "disabled": false,
        "salt": 209289972,
        "separation": 5,
        "spacing": 12
      }
    }
  },
  "surface": {
    "erosion": {
      "dirtMin": 153,
      "dirtSteepness": 0.53782797,
      "dirtVariance": 116,
      "rockMin": 260,
      "rockSteepness": 0.74047905,
      "rockVariance": 99,
      "screeSteepness": 0.36826277
    }
  },
  "terrain": {
    "badlands": {
      "baseScale": 1.0,
      "horizontalScale": 1.0,
      "verticalScale": 1.0,
      "weight": 1.493
    },
    "dales": {
      "baseScale": 1.0,
      "horizontalScale": 0.8966837,
      "verticalScale": 4.9221334,
      "weight": 2.9369802
    },
    "general": {
      "fancyMountains": true,
      "globalHorizontalScale": 3.1540556,
      "globalVerticalScale": 1.0,
      "terrainRegionSize": 5000,
      "terrainSeedOffset": 0
    },
    "hills": {
      "baseScale": 1.1057416,
      "horizontalScale": 3.350554,
      "verticalScale": 2.0960472,
      "weight": 1.7927599
    },
    "mountains": {
      "baseScale": 1.3980004,
      "horizontalScale": 4.6050606,
      "verticalScale": 6.852144,
      "weight": 4.7291327
    },
    "plains": {
      "baseScale": 1.0,
      "horizontalScale": 3.5180411,
      "verticalScale": 1.5170442,
      "weight": 2.8818371
    },
    "plateau": {
      "baseScale": 1.0,
      "horizontalScale": 2.9231944,
      "verticalScale": 2.0960472,
      "weight": 2.8542655
    },
    "steppe": {
      "baseScale": 1.0,
      "horizontalScale": 1.0,
      "verticalScale": 2.0684757,
      "weight": 1.654902
    },
    "torridonian": {
      "baseScale": 1.304257,
      "horizontalScale": 5.0599914,
      "verticalScale": 5.8044243,
      "weight": 4.77049
    },
    "volcano": {
      "baseScale": 1.0,
      "horizontalScale": 1.0,
      "verticalScale": 2.1374047,
      "weight": 4.15013
    }
  },
  "world": {
    "continent": {
      "continentJitter": 0.8,
      "continentScale": 3506,
      "continentType": "MULTI_IMPROVED"
    },
    "controlPoints": {
      "beach": 0.326,
      "coast": 0.448,
      "deepOcean": 0.1,
      "inland": 0.5,
      "shallowOcean": 0.25
    },
    "properties": {
      "seaLevel": 63,
      "spawnType": "CONTINENT_CENTER",
      "worldDepth": 160,
      "worldHeight": 1024
    }
  }
}