{
  "type": "reterraforged:decorate_snow",
  "config": {
    "erode": true,
    "erode_config": {
      "dirt_min": 153,
      "dirt_steepness": 0.53782797,
      "dirt_var": 116,
      "height_modifier": 0.023529412,
      "rock_min": 260,
      "rock_steepness": 0.74047905,
      "rock_var": 99,
      "screeValue": 0.55,
      "scree_steepness": 0.36826277,
      "sediment_modifier": 256.0,
      "sediment_noise": 0.011764706,
      "slope_modifier": 0.011764706
    },
    "smooth": true
  }
}